{
    "boundingVolume": {
      "region": [
        1.13406732,
        0.44427150,
        1.13404062,
        0.44426761,
        0,
        20
      ]
    },
    "geometricError": 43.88464075650763,
    "refine" : "ADD",
    "children": []
  }